varname,strain,sex,mean,sd,sem,nmice,cv,zscore,,,
chow0,A/J,m,4.38,0.818,0.259,10,0.187,-0.03,,,
chow0,AKR/J,m,4.55,0.384,0.121,10,0.0843,0.22,,,
chow0,BALB/cJ,m,5.36,0.677,0.214,10,0.126,1.42,,,
chow0,C3H/HeJ,m,4.19,0.441,0.139,10,0.105,-0.31,,,
chow0,C57BL/10J,m,3.74,0.43,0.136,10,0.115,-0.98,,,
chow0,C57BL/6J,m,4.08,0.355,0.112,10,0.0871,-0.47,,,
chow0,CBA/J,m,3.82,0.329,0.104,10,0.0862,-0.86,,,
chow0,Crl:CD-1(ICR),m,5.79,1.13,0.252,20,0.195,2.06,,,
chow0,DBA/2J,m,4.39,0.601,0.19,10,0.137,-0.01,,,
chow0,SJL/J,m,3.54,0.637,0.212,9,0.18,-1.27,,,
chow0,SWR/J,m,4.56,0.515,0.163,10,0.113,0.24,,,
chow3,A/J,m,4.03,1.53,0.482,10,0.379,-0.52,,,
chow3,AKR/J,m,4.44,0.582,0.184,10,0.131,-0.11,,,
chow3,BALB/cJ,m,6.67,0.921,0.291,10,0.138,2.11,,,
chow3,C3H/HeJ,m,5.21,0.569,0.18,10,0.109,0.65,,,
chow3,C57BL/10J,m,3.69,0.952,0.301,10,0.258,-0.86,,,
chow3,C57BL/6J,m,4.33,0.783,0.248,10,0.181,-0.22,,,
chow3,CBA/J,m,3.75,0.602,0.19,10,0.161,-0.8,,,
chow3,Crl:CD-1(ICR),m,5.15,1.84,0.412,20,0.358,0.59,,,
chow3,DBA/2J,m,5.54,0.703,0.222,10,0.127,0.98,,,
chow3,SJL/J,m,3.17,0.477,0.159,9,0.151,-1.38,,,
chow3,SWR/J,m,4.1,0.668,0.211,10,0.163,-0.45,,,
chow6,A/J,m,4.34,1,0.317,10,0.231,-0.12,,,
chow6,AKR/J,m,4.66,0.629,0.199,10,0.135,0.16,,,
chow6,BALB/cJ,m,6.71,0.877,0.277,10,0.131,1.96,,,
chow6,C3H/HeJ,m,5.07,0.685,0.217,10,0.135,0.52,,,
chow6,C57BL/10J,m,3.22,1.59,0.503,10,0.494,-1.11,,,
chow6,C57BL/6J,m,4.97,1.9,0.6,10,0.382,0.43,,,
chow6,CBA/J,m,3.16,0.811,0.257,10,0.257,-1.16,,,
chow6,Crl:CD-1(ICR),m,4.81,2.29,0.511,20,0.475,0.29,,,
chow6,DBA/2J,m,5.32,0.63,0.199,10,0.118,0.74,,,
chow6,SJL/J,m,2.72,0.319,0.106,9,0.117,-1.55,,,
chow6,SWR/J,m,4.32,0.614,0.194,10,0.142,-0.14,,,
chow9,A/J,m,2.83,1.78,0.564,10,0.63,-0.21,,,
chow9,AKR/J,m,4.42,0.976,0.309,10,0.221,1.32,,,
chow9,BALB/cJ,m,4.14,0.853,0.27,10,0.206,1.05,,,
chow9,C3H/HeJ,m,3.63,1.02,0.323,10,0.281,0.56,,,
chow9,C57BL/10J,m,1.42,0.835,0.264,10,0.588,-1.57,,,
chow9,C57BL/6J,m,2.97,0.939,0.297,10,0.316,-0.07,,,
chow9,CBA/J,m,2.43,0.731,0.244,9,0.301,-0.59,,,
chow9,Crl:CD-1(ICR),m,3.82,2.19,0.489,20,0.573,0.74,,,
chow9,DBA/2J,m,3.96,0.891,0.282,10,0.225,0.88,,,
chow9,SJL/J,m,1.48,0.608,0.203,9,0.411,-1.51,,,
chow9,SWR/J,m,2.41,0.615,0.195,10,0.255,-0.61,,,
sucrose0,129P3/J,m,3.5,1.09,0.346,10,0.313,0.94,,,
sucrose0,A/J,m,2.76,1.05,0.331,10,0.38,-0.28,,,
sucrose0,AKR/J,m,2.99,0.791,0.25,10,0.264,0.1,,,
sucrose0,BALB/cJ,m,2.56,0.572,0.181,10,0.223,-0.61,,,
sucrose0,C3H/HeJ,m,2.41,0.761,0.241,10,0.316,-0.86,,,
sucrose0,C57BL/10J,m,2.71,0.836,0.264,10,0.308,-0.36,,,
sucrose0,C57BL/6J,m,2.55,0.506,0.16,10,0.198,-0.63,,,
sucrose0,CBA/J,m,2.38,0.805,0.255,10,0.338,-0.91,,,
sucrose0,Crl:CD-1(ICR),m,4.1,1.11,0.249,20,0.271,1.93,,,
sucrose0,DBA/2J,m,2.26,0.622,0.197,10,0.275,-1.1,,,
sucrose0,SJL/J,m,3.03,0.88,0.293,9,0.29,0.16,,,
sucrose0,SWR/J,m,3.91,0.567,0.179,10,0.145,1.62,,,
sucrose3,129P3/J,m,5.64,1.91,0.604,10,0.339,0.51,,,
sucrose3,A/J,m,4.57,1.22,0.386,10,0.267,-0.28,,,
sucrose3,AKR/J,m,4.87,1.45,0.457,10,0.297,-0.06,,,
sucrose3,BALB/cJ,m,3.69,1.71,0.541,10,0.463,-0.93,,,
sucrose3,C3H/HeJ,m,3.05,1.6,0.505,10,0.524,-1.41,,,
sucrose3,C57BL/10J,m,4.43,2.12,0.67,10,0.478,-0.39,,,
sucrose3,C57BL/6J,m,3.7,1.59,0.502,10,0.429,-0.93,,,
sucrose3,CBA/J,m,6.14,3.93,1.24,10,0.64,0.88,,,
sucrose3,Crl:CD-1(ICR),m,7.7,2.35,0.526,20,0.305,2.03,,,
sucrose3,DBA/2J,m,4.38,2.74,0.867,10,0.626,-0.42,,,
sucrose3,SJL/J,m,4.56,0.706,0.235,9,0.155,-0.29,,,
sucrose3,SWR/J,m,6.69,1.27,0.402,10,0.19,1.28,,,
sucrose6,129P3/J,m,5.85,1.45,0.459,10,0.248,-0.33,,,
sucrose6,A/J,m,5.61,2.49,0.788,10,0.444,-0.42,,,
sucrose6,AKR/J,m,5.06,1.48,0.467,10,0.292,-0.63,,,
sucrose6,BALB/cJ,m,5.34,1.71,0.541,10,0.32,-0.52,,,
sucrose6,C3H/HeJ,m,4.06,1.66,0.525,10,0.409,-1,,,
sucrose6,C57BL/10J,m,5.79,1.74,0.551,10,0.301,-0.35,,,
sucrose6,C57BL/6J,m,9.13,5.12,1.62,10,0.561,0.9,,,
sucrose6,CBA/J,m,4.99,1.63,0.514,10,0.326,-0.65,,,
sucrose6,Crl:CD-1(ICR),m,9.86,3.19,0.713,20,0.323,1.17,,,
sucrose6,DBA/2J,m,4.48,3.09,0.976,10,0.689,-0.84,,,
sucrose6,SJL/J,m,7.66,1.42,0.473,9,0.185,0.35,,,
sucrose6,SWR/J,m,13,3.23,1.02,10,0.248,2.34,,,
sucrose9,129P3/J,m,9.84,2.38,0.751,10,0.241,0.03,,,
sucrose9,A/J,m,11.1,3.88,1.23,10,0.351,0.61,,,
sucrose9,AKR/J,m,6.88,1.72,0.545,10,0.251,-1.34,,,
sucrose9,BALB/cJ,m,10.9,4.33,1.37,10,0.397,0.52,,,
sucrose9,C3H/HeJ,m,7.67,1.82,0.576,10,0.237,-0.98,,,
sucrose9,C57BL/10J,m,10,2.09,0.66,10,0.208,0.1,,,
sucrose9,C57BL/6J,m,11.2,3.37,1.06,10,0.299,0.66,,,
sucrose9,CBA/J,m,7.27,4.61,1.54,9,0.635,-1.16,,,
sucrose9,Crl:CD-1(ICR),m,10.4,4.67,1.04,20,0.45,0.28,,,
sucrose9,DBA/2J,m,7.25,2.92,0.923,10,0.403,-1.17,,,
sucrose9,SJL/J,m,10.7,2.2,0.733,9,0.205,0.42,,,
sucrose9,SWR/J,m,14.2,1.84,0.581,10,0.13,2.04,,,
total_kcal0,A/J,m,23.2,4.32,1.37,10,0.186,-0.03,,,
total_kcal0,AKR/J,m,24.1,2.04,0.646,10,0.0847,0.22,,,
total_kcal0,BALB/cJ,m,28.4,3.58,1.13,10,0.126,1.42,,,
total_kcal0,C3H/HeJ,m,22.2,2.34,0.741,10,0.106,-0.31,,,
total_kcal0,C57BL/10J,m,19.8,2.29,0.724,10,0.115,-0.98,,,
total_kcal0,C57BL/6J,m,21.6,1.89,0.597,10,0.0873,-0.48,,,
total_kcal0,CBA/J,m,20.2,1.74,0.551,10,0.086,-0.87,,,
total_kcal0,Crl:CD-1(ICR),m,30.7,5.97,1.34,20,0.195,2.06,,,
total_kcal0,DBA/2J,m,23.3,3.19,1.01,10,0.137,-0.01,,,
total_kcal0,SJL/J,m,18.8,3.39,1.13,9,0.18,-1.26,,,
total_kcal0,SWR/J,m,24.2,2.73,0.862,10,0.113,0.25,,,
total_kcal3,A/J,m,21.4,8.09,2.56,10,0.379,-0.51,,,
total_kcal3,AKR/J,m,23.5,3.08,0.975,10,0.131,-0.12,,,
total_kcal3,BALB/cJ,m,35.3,4.88,1.54,10,0.138,2.1,,,
total_kcal3,C3H/HeJ,m,27.6,3,0.948,10,0.109,0.65,,,
total_kcal3,C57BL/10J,m,19.6,5.05,1.6,10,0.258,-0.85,,,
total_kcal3,C57BL/6J,m,22.9,4.15,1.31,10,0.181,-0.23,,,
total_kcal3,CBA/J,m,19.9,3.2,1.01,10,0.161,-0.8,,,
total_kcal3,Crl:CD-1(ICR),m,27.3,9.76,2.18,20,0.358,0.6,,,
total_kcal3,DBA/2J,m,29.4,3.73,1.18,10,0.127,0.99,,,
total_kcal3,SJL/J,m,16.8,2.52,0.841,9,0.15,-1.38,,,
total_kcal3,SWR/J,m,21.7,3.54,1.12,10,0.163,-0.46,,,
total_kcal6,A/J,m,23.6,5.15,1.63,10,0.219,-0.14,,,
total_kcal6,AKR/J,m,25.2,3.31,1.05,10,0.131,0.13,,,
total_kcal6,BALB/cJ,m,36.1,4.7,1.49,10,0.13,1.95,,,
total_kcal6,C3H/HeJ,m,27.3,3.56,1.13,10,0.131,0.48,,,
total_kcal6,C57BL/10J,m,17.6,8.41,2.66,10,0.476,-1.14,,,
total_kcal6,C57BL/6J,m,27.2,9.95,3.15,10,0.365,0.46,,,
total_kcal6,CBA/J,m,17.3,4.25,1.34,10,0.246,-1.19,,,
total_kcal6,Crl:CD-1(ICR),m,26.5,12,2.68,20,0.453,0.35,,,
total_kcal6,DBA/2J,m,28.6,3.24,1.03,10,0.113,0.7,,,
total_kcal6,SJL/J,m,15.2,1.76,0.587,9,0.116,-1.54,,,
total_kcal6,SWR/J,m,24.2,3.19,1.01,10,0.132,-0.04,,,
total_kcal9,A/J,m,23.8,6.98,2.21,10,0.293,-0.03,,,
total_kcal9,AKR/J,m,28.9,4.5,1.42,10,0.155,0.97,,,
total_kcal9,BALB/cJ,m,30.7,6.19,1.96,10,0.202,1.33,,,
total_kcal9,C3H/HeJ,m,25.2,5.51,1.74,10,0.219,0.24,,,
total_kcal9,C57BL/10J,m,15.6,5.51,1.74,10,0.354,-1.65,,,
total_kcal9,C57BL/6J,m,24.8,6.16,1.95,10,0.249,0.17,,,
total_kcal9,CBA/J,m,18.7,5,1.67,9,0.267,-1.04,,,
total_kcal9,Crl:CD-1(ICR),m,28.6,10.9,2.45,20,0.383,0.92,,,
total_kcal9,DBA/2J,m,26.8,4.59,1.45,10,0.171,0.56,,,
total_kcal9,SJL/J,m,16.4,2.42,0.805,9,0.147,-1.49,,,
total_kcal9,SWR/J,m,24.1,3.32,1.05,10,0.138,0.03,,,
chow_kcal0,A/J,m,23.2,4.32,1.37,10,0.186,-0.03,,,
chow_kcal0,AKR/J,m,24.1,2.04,0.646,10,0.0847,0.22,,,
chow_kcal0,BALB/cJ,m,28.4,3.58,1.13,10,0.126,1.42,,,
chow_kcal0,C3H/HeJ,m,22.2,2.34,0.741,10,0.106,-0.31,,,
chow_kcal0,C57BL/10J,m,19.8,2.29,0.724,10,0.115,-0.98,,,
chow_kcal0,C57BL/6J,m,21.6,1.89,0.597,10,0.0873,-0.48,,,
chow_kcal0,CBA/J,m,20.2,1.74,0.551,10,0.086,-0.87,,,
chow_kcal0,Crl:CD-1(ICR),m,30.7,5.97,1.34,20,0.195,2.06,,,
chow_kcal0,DBA/2J,m,23.3,3.19,1.01,10,0.137,-0.01,,,
chow_kcal0,SJL/J,m,18.8,3.39,1.13,9,0.18,-1.26,,,
chow_kcal0,SWR/J,m,24.2,2.73,0.862,10,0.113,0.25,,,
chow_kcal3,A/J,m,21.4,8.09,2.56,10,0.379,-0.51,,,
chow_kcal3,AKR/J,m,23.5,3.08,0.975,10,0.131,-0.12,,,
chow_kcal3,BALB/cJ,m,35.3,4.88,1.54,10,0.138,2.1,,,
chow_kcal3,C3H/HeJ,m,27.6,3,0.948,10,0.109,0.65,,,
chow_kcal3,C57BL/10J,m,19.6,5.05,1.6,10,0.258,-0.85,,,
chow_kcal3,C57BL/6J,m,22.9,4.15,1.31,10,0.181,-0.23,,,
chow_kcal3,CBA/J,m,19.9,3.2,1.01,10,0.161,-0.8,,,
chow_kcal3,Crl:CD-1(ICR),m,27.3,9.76,2.18,20,0.358,0.6,,,
chow_kcal3,DBA/2J,m,29.4,3.73,1.18,10,0.127,0.99,,,
chow_kcal3,SJL/J,m,16.8,2.52,0.841,9,0.15,-1.38,,,
chow_kcal3,SWR/J,m,21.7,3.54,1.12,10,0.163,-0.46,,,
chow_kcal6,A/J,m,23,5.33,1.69,10,0.232,-0.13,,,
chow_kcal6,AKR/J,m,24.7,3.33,1.05,10,0.135,0.15,,,
chow_kcal6,BALB/cJ,m,35.6,4.64,1.47,10,0.13,1.96,,,
chow_kcal6,C3H/HeJ,m,26.9,3.62,1.15,10,0.135,0.52,,,
chow_kcal6,C57BL/10J,m,17.1,8.44,2.67,10,0.495,-1.11,,,
chow_kcal6,C57BL/6J,m,26.4,10.1,3.18,10,0.382,0.44,,,
chow_kcal6,CBA/J,m,16.8,4.31,1.36,10,0.257,-1.16,,,
chow_kcal6,Crl:CD-1(ICR),m,25.5,12.1,2.71,20,0.474,0.29,,,
chow_kcal6,DBA/2J,m,28.2,3.33,1.05,10,0.118,0.74,,,
chow_kcal6,SJL/J,m,14.4,1.71,0.569,9,0.118,-1.56,,,
chow_kcal6,SWR/J,m,22.9,3.26,1.03,10,0.142,-0.14,,,
chow_kcal9,A/J,m,15,9.46,2.99,10,0.63,-0.2,,,
chow_kcal9,AKR/J,m,23.4,5.17,1.64,10,0.221,1.33,,,
chow_kcal9,BALB/cJ,m,21.9,4.52,1.43,10,0.206,1.06,,,
chow_kcal9,C3H/HeJ,m,19,5.28,1.67,10,0.277,0.53,,,
chow_kcal9,C57BL/10J,m,7.53,4.44,1.4,10,0.589,-1.57,,,
chow_kcal9,C57BL/6J,m,15.7,4.98,1.57,10,0.316,-0.08,,,
chow_kcal9,CBA/J,m,12.9,3.88,1.29,9,0.301,-0.59,,,
chow_kcal9,Crl:CD-1(ICR),m,20.2,11.6,2.59,20,0.573,0.75,,,
chow_kcal9,DBA/2J,m,21,4.73,1.5,10,0.225,0.89,,,
chow_kcal9,SJL/J,m,7.84,3.23,1.08,9,0.412,-1.51,,,
chow_kcal9,SWR/J,m,12.8,3.26,1.03,10,0.255,-0.6,,,
suc_cal3,129P3/J,m,2.26,0.765,0.242,10,0.339,0.51,,,
suc_cal3,A/J,m,1.83,0.488,0.154,10,0.267,-0.28,,,
suc_cal3,AKR/J,m,1.95,0.578,0.183,10,0.297,-0.06,,,
suc_cal3,BALB/cJ,m,1.48,0.684,0.216,10,0.463,-0.93,,,
suc_cal3,C3H/HeJ,m,1.22,0.639,0.202,10,0.524,-1.41,,,
suc_cal3,C57BL/10J,m,1.77,0.847,0.268,10,0.478,-0.39,,,
suc_cal3,C57BL/6J,m,1.48,0.636,0.201,10,0.429,-0.93,,,
suc_cal3,CBA/J,m,2.46,1.57,0.497,10,0.64,0.88,,,
suc_cal3,Crl:CD-1(ICR),m,3.08,0.94,0.21,20,0.305,2.03,,,
suc_cal3,DBA/2J,m,1.75,1.1,0.347,10,0.626,-0.43,,,
suc_cal3,SJL/J,m,1.82,0.282,0.0941,9,0.155,-0.3,,,
suc_cal3,SWR/J,m,2.68,0.508,0.161,10,0.19,1.29,,,
suc_cal6,129P3/J,m,585,145,45.9,10,0.248,-0.33,,,
suc_cal6,A/J,m,561,249,78.8,10,0.444,-0.42,,,
suc_cal6,AKR/J,m,506,148,46.7,10,0.292,-0.63,,,
suc_cal6,BALB/cJ,m,534,171,54.1,10,0.32,-0.52,,,
suc_cal6,C3H/HeJ,m,406,166,52.5,10,0.409,-1,,,
suc_cal6,C57BL/10J,m,579,174,55.1,10,0.301,-0.35,,,
suc_cal6,C57BL/6J,m,913,512,162,10,0.561,0.89,,,
suc_cal6,CBA/J,m,499,163,51.4,10,0.326,-0.65,,,
suc_cal6,Crl:CD-1(ICR),m,986,319,71.3,20,0.323,1.17,,,
suc_cal6,DBA/2J,m,448,309,97.6,10,0.689,-0.84,,,
suc_cal6,SJL/J,m,766,142,47.3,9,0.185,0.35,,,
suc_cal6,SWR/J,m,1301,323,102,10,0.248,2.35,,,
suc_cal9,129P3/J,m,7872,1901,601,10,0.241,0.05,,,
suc_cal9,A/J,m,8848,3107,982,10,0.351,0.59,,,
suc_cal9,AKR/J,m,5504,1379,436,10,0.251,-1.27,,,
suc_cal9,BALB/cJ,m,8720,3460,1094,10,0.397,0.52,,,
suc_cal9,C3H/HeJ,m,6136,1457,461,10,0.237,-0.92,,,
suc_cal9,C57BL/10J,m,8032,1671,528,10,0.208,0.14,,,
suc_cal9,C57BL/6J,m,9000,2692,851,10,0.299,0.68,,,
suc_cal9,CBA/J,m,5232,3935,1244,10,0.752,-1.42,,,
suc_cal9,Crl:CD-1(ICR),m,8312,3736,835,20,0.45,0.3,,,
suc_cal9,DBA/2J,m,5800,2335,738,10,0.403,-1.1,,,
suc_cal9,SJL/J,m,8560,1759,586,9,0.205,0.43,,,
suc_cal9,SWR/J,m,11352,1471,465,10,0.13,1.99,,,
water0,129P3/J,m,3.56,0.965,0.305,10,0.271,1.49,,,
water0,A/J,m,2.79,1.26,0.398,10,0.452,-0.38,,,
water0,AKR/J,m,2.71,1.33,0.42,10,0.49,-0.58,,,
water0,BALB/cJ,m,3.08,0.649,0.205,10,0.211,0.32,,,
water0,C3H/HeJ,m,2.54,0.888,0.281,10,0.35,-0.99,,,
water0,C57BL/10J,m,3,0.935,0.296,10,0.312,0.13,,,
water0,C57BL/6J,m,2.33,0.652,0.206,10,0.28,-1.5,,,
water0,CBA/J,m,2.94,1.2,0.379,10,0.407,-0.02,,,
water0,Crl:CD-1(ICR),m,3.67,1.02,0.228,20,0.278,1.75,,,
water0,DBA/2J,m,2.77,0.81,0.256,10,0.292,-0.43,,,
water0,SJL/J,m,2.62,0.714,0.238,9,0.272,-0.8,,,
water0,SWR/J,m,3.37,0.742,0.235,10,0.22,1.02,,,
water3,129P3/J,m,2.78,1.36,0.431,10,0.49,0.88,,,
water3,A/J,m,2.59,1.15,0.362,10,0.442,0.58,,,
water3,AKR/J,m,2.65,1.61,0.51,10,0.608,0.67,,,
water3,BALB/cJ,m,2.61,1.79,0.565,10,0.684,0.61,,,
water3,C3H/HeJ,m,2.57,1.53,0.483,10,0.595,0.54,,,
water3,C57BL/10J,m,1.47,0.893,0.282,10,0.608,-1.23,,,
water3,C57BL/6J,m,1.3,0.625,0.198,10,0.481,-1.5,,,
water3,CBA/J,m,2.64,1.16,0.366,10,0.439,0.66,,,
water3,Crl:CD-1(ICR),m,2.62,1.74,0.39,20,0.665,0.62,,,
water3,DBA/2J,m,2.29,1.85,0.586,10,0.809,0.09,,,
water3,SJL/J,m,0.967,0.55,0.183,9,0.569,-2.04,,,
water3,SWR/J,m,2.31,1.05,0.333,10,0.456,0.12,,,
water6,129P3/J,m,1.57,1.27,0.402,10,0.81,0.73,,,
water6,A/J,m,0.94,0.851,0.269,10,0.906,-0.47,,,
water6,AKR/J,m,1.04,1.01,0.319,10,0.971,-0.28,,,
water6,BALB/cJ,m,1.66,1.1,0.349,10,0.666,0.9,,,
water6,C3H/HeJ,m,1.69,1.33,0.42,10,0.785,0.95,,,
water6,C57BL/10J,m,0.52,0.187,0.0593,10,0.36,-1.26,,,
water6,C57BL/6J,m,0.66,0.327,0.103,10,0.496,-0.99,,,
water6,CBA/J,m,1.26,1.08,0.343,10,0.86,0.14,,,
water6,Crl:CD-1(ICR),m,1.43,0.949,0.212,20,0.664,0.46,,,
water6,DBA/2J,m,2.18,1.54,0.488,10,0.709,1.88,,,
water6,SJL/J,m,0.622,0.311,0.104,9,0.5,-1.07,,,
water6,SWR/J,m,0.66,0.474,0.15,10,0.719,-0.99,,,
water9,129P3/J,m,1.55,0.738,0.233,10,0.476,0.63,,,
water9,A/J,m,1.21,0.489,0.155,10,0.404,-0.24,,,
water9,AKR/J,m,1.45,0.479,0.151,10,0.33,0.37,,,
water9,BALB/cJ,m,1.19,0.647,0.205,10,0.544,-0.29,,,
water9,C3H/HeJ,m,1.16,1.35,0.428,10,1.17,-0.36,,,
water9,C57BL/10J,m,0.54,0.313,0.0991,10,0.58,-1.93,,,
water9,C57BL/6J,m,1.47,2.02,0.64,10,1.38,0.42,,,
water9,CBA/J,m,1.82,1.79,0.597,9,0.982,1.31,,,
water9,Crl:CD-1(ICR),m,1.85,1.26,0.282,20,0.682,1.39,,,
water9,DBA/2J,m,1.35,1.25,0.396,10,0.928,0.12,,,
water9,SJL/J,m,0.667,0.361,0.12,9,0.541,-1.61,,,
water9,SWR/J,m,1.38,0.697,0.221,10,0.505,0.19,,,
fluid0,129P3/J,m,7.06,1.11,0.351,10,0.157,1.24,,,
fluid0,A/J,m,5.55,2.22,0.703,10,0.401,-0.37,,,
fluid0,AKR/J,m,5.7,1.83,0.577,10,0.32,-0.21,,,
fluid0,BALB/cJ,m,5.64,0.288,0.0909,10,0.051,-0.28,,,
fluid0,C3H/HeJ,m,5.15,1.17,0.37,10,0.227,-0.8,,,
fluid0,C57BL/10J,m,5.65,1.09,0.343,10,0.192,-0.27,,,
fluid0,C57BL/6J,m,4.88,0.797,0.252,10,0.163,-1.09,,,
fluid0,CBA/J,m,5.32,0.819,0.259,10,0.154,-0.62,,,
fluid0,Crl:CD-1(ICR),m,7.78,1.64,0.367,20,0.211,2.01,,,
fluid0,DBA/2J,m,5.13,0.392,0.124,10,0.0764,-0.82,,,
fluid0,SJL/J,m,5.66,0.819,0.273,9,0.145,-0.26,,,
fluid0,SWR/J,m,7.28,1.01,0.318,10,0.138,1.47,,,
fluid3,129P3/J,m,8.42,1.42,0.449,10,0.169,0.75,,,
fluid3,A/J,m,7.16,0.599,0.189,10,0.0836,-0.01,,,
fluid3,AKR/J,m,7.52,1.03,0.327,10,0.138,0.2,,,
fluid3,BALB/cJ,m,6.3,0.751,0.238,10,0.119,-0.54,,,
fluid3,C3H/HeJ,m,5.62,0.898,0.284,10,0.16,-0.95,,,
fluid3,C57BL/10J,m,5.9,1.97,0.622,10,0.333,-0.78,,,
fluid3,C57BL/6J,m,5,1.22,0.386,10,0.244,-1.32,,,
fluid3,CBA/J,m,8.78,4.18,1.32,10,0.476,0.97,,,
fluid3,Crl:CD-1(ICR),m,10.3,2.5,0.558,20,0.242,1.89,,,
fluid3,DBA/2J,m,6.67,1.6,0.506,10,0.24,-0.31,,,
fluid3,SJL/J,m,5.52,0.8,0.267,9,0.145,-1.01,,,
fluid3,SWR/J,m,9,1.11,0.352,10,0.124,1.1,,,
fluid6,129P3/J,m,7.42,1.31,0.416,10,0.177,-0.19,,,
fluid6,A/J,m,6.55,2,0.634,10,0.306,-0.54,,,
fluid6,AKR/J,m,6.1,1.03,0.327,10,0.169,-0.72,,,
fluid6,BALB/cJ,m,7,1.52,0.479,10,0.217,-0.35,,,
fluid6,C3H/HeJ,m,5.75,0.902,0.285,10,0.157,-0.86,,,
fluid6,C57BL/10J,m,6.31,1.72,0.543,10,0.272,-0.63,,,
fluid6,C57BL/6J,m,9.79,5.12,1.62,10,0.523,0.77,,,
fluid6,CBA/J,m,6.25,0.882,0.279,10,0.141,-0.66,,,
fluid6,Crl:CD-1(ICR),m,11.3,3.93,0.878,20,0.348,1.37,,,
fluid6,DBA/2J,m,6.12,2.53,0.8,10,0.414,-0.71,,,
fluid6,SJL/J,m,8.28,1.35,0.451,9,0.164,0.16,,,
fluid6,SWR/J,m,13.7,2.96,0.937,10,0.217,2.34,,,
fluid9,129P3/J,m,11.4,2.58,0.815,10,0.226,0.14,,,
fluid9,A/J,m,12.3,4.05,1.28,10,0.33,0.56,,,
fluid9,AKR/J,m,8.33,1.79,0.565,10,0.215,-1.3,,,
fluid9,BALB/cJ,m,12.1,4.25,1.34,10,0.352,0.47,,,
fluid9,C3H/HeJ,m,8.83,1.72,0.545,10,0.195,-1.06,,,
fluid9,C57BL/10J,m,10.6,2.26,0.714,10,0.213,-0.23,,,
fluid9,C57BL/6J,m,12.7,2.85,0.903,10,0.224,0.75,,,
fluid9,CBA/J,m,9.09,3.61,1.2,9,0.397,-0.94,,,
fluid9,Crl:CD-1(ICR),m,12.2,5.62,1.26,20,0.459,0.52,,,
fluid9,DBA/2J,m,8.6,2.48,0.783,10,0.288,-1.17,,,
fluid9,SJL/J,m,11.4,2.05,0.683,9,0.18,0.14,,,
fluid9,SWR/J,m,15.6,1.45,0.458,10,0.093,2.11,,,
pct_suc_cal0,A/J,m,0.00506,0.0027,0.000854,10,0.534,-0.04,,,
pct_suc_cal0,AKR/J,m,0.00501,0.00135,0.000426,10,0.269,-0.09,,,
pct_suc_cal0,BALB/cJ,m,0.00368,0.000981,0.00031,10,0.266,-1.46,,,
pct_suc_cal0,C3H/HeJ,m,0.00446,0.00163,0.000514,10,0.364,-0.66,,,
pct_suc_cal0,C57BL/10J,m,0.00554,0.00177,0.00056,10,0.319,0.45,,,
pct_suc_cal0,C57BL/6J,m,0.00472,0.000917,0.00029,10,0.194,-0.39,,,
pct_suc_cal0,CBA/J,m,0.00469,0.00155,0.000489,10,0.33,-0.42,,,
pct_suc_cal0,Crl:CD-1(ICR),m,0.00559,0.00215,0.000482,20,0.385,0.5,,,
pct_suc_cal0,DBA/2J,m,0.004,0.00124,0.000391,10,0.309,-1.13,,,
pct_suc_cal0,SJL/J,m,0.00681,0.00255,0.000849,9,0.374,1.76,,,
pct_suc_cal0,SWR/J,m,0.00655,0.00122,0.000387,10,0.187,1.49,,,
pct_suc_cal3,A/J,m,0.0078,0.00211,0.000703,9,0.271,-0.29,,,
pct_suc_cal3,AKR/J,m,0.00849,0.00295,0.000934,10,0.348,-0.08,,,
pct_suc_cal3,BALB/cJ,m,0.00443,0.00247,0.000781,10,0.558,-1.33,,,
pct_suc_cal3,C3H/HeJ,m,0.00444,0.00226,0.000716,10,0.51,-1.32,,,
pct_suc_cal3,C57BL/10J,m,0.00965,0.00615,0.00194,10,0.637,0.28,,,
pct_suc_cal3,C57BL/6J,m,0.00624,0.00188,0.000595,10,0.302,-0.77,,,
pct_suc_cal3,CBA/J,m,0.0128,0.00877,0.00277,10,0.683,1.25,,,
pct_suc_cal3,Crl:CD-1(ICR),m,0.0129,0.00618,0.00138,20,0.478,1.28,,,
pct_suc_cal3,DBA/2J,m,0.00595,0.00359,0.00114,10,0.604,-0.86,,,
pct_suc_cal3,SJL/J,m,0.0111,0.00271,0.000903,9,0.243,0.72,,,
pct_suc_cal3,SWR/J,m,0.0124,0.00156,0.000492,10,0.126,1.12,,,
pct_suc_cal6,A/J,m,2.67,1.75,0.555,10,0.658,-0.45,,,
pct_suc_cal6,AKR/J,m,2.05,0.663,0.21,10,0.323,-0.64,,,
pct_suc_cal6,BALB/cJ,m,1.49,0.452,0.143,10,0.304,-0.81,,,
pct_suc_cal6,C3H/HeJ,m,1.53,0.582,0.184,10,0.381,-0.79,,,
pct_suc_cal6,C57BL/10J,m,12.8,30.7,9.7,10,2.4,2.6,,,
pct_suc_cal6,C57BL/6J,m,3.61,1.98,0.625,10,0.547,-0.17,,,
pct_suc_cal6,CBA/J,m,3.2,1.64,0.518,10,0.512,-0.29,,,
pct_suc_cal6,Crl:CD-1(ICR),m,6.3,9.19,2.06,20,1.46,0.64,,,
pct_suc_cal6,DBA/2J,m,1.61,1.12,0.356,10,0.701,-0.77,,,
pct_suc_cal6,SJL/J,m,5.05,0.793,0.264,9,0.157,0.27,,,
pct_suc_cal6,SWR/J,m,5.49,1.67,0.528,10,0.304,0.4,,,
pct_suc_cal9,A/J,m,44.5,30,9.48,10,0.674,0.68,,,
pct_suc_cal9,AKR/J,m,19.7,6.36,2.01,10,0.323,-1.29,,,
pct_suc_cal9,BALB/cJ,m,28.1,8.39,2.65,10,0.299,-0.62,,,
pct_suc_cal9,C3H/HeJ,m,25.2,7.21,2.28,10,0.287,-0.85,,,
pct_suc_cal9,C57BL/10J,m,55.6,17.1,5.4,10,0.307,1.56,,,
pct_suc_cal9,C57BL/6J,m,36.7,9.52,3.01,10,0.26,0.06,,,
pct_suc_cal9,CBA/J,m,30.1,17.3,5.78,9,0.575,-0.46,,,
pct_suc_cal9,Crl:CD-1(ICR),m,32.2,15.5,3.46,20,0.481,-0.3,,,
pct_suc_cal9,DBA/2J,m,21.9,7.86,2.48,10,0.359,-1.11,,,
pct_suc_cal9,SJL/J,m,53.6,15.8,5.27,9,0.295,1.4,,,
pct_suc_cal9,SWR/J,m,47.7,8.18,2.59,10,0.171,0.93,,,
pct_sucrose0,129P3/J,m,49.4,12.7,4,10,0.256,-0.12,,,
pct_sucrose0,A/J,m,50.3,8.16,2.58,10,0.162,0.13,,,
pct_sucrose0,AKR/J,m,54.6,13.6,4.31,10,0.25,1.34,,,
pct_sucrose0,BALB/cJ,m,45.5,10.3,3.26,10,0.227,-1.21,,,
pct_sucrose0,C3H/HeJ,m,47.7,14.5,4.6,10,0.305,-0.6,,,
pct_sucrose0,C57BL/10J,m,48,11.7,3.7,10,0.244,-0.51,,,
pct_sucrose0,C57BL/6J,m,52.5,8.58,2.71,10,0.163,0.75,,,
pct_sucrose0,CBA/J,m,45.8,16.3,5.15,10,0.356,-1.13,,,
pct_sucrose0,Crl:CD-1(ICR),m,52.7,8.52,1.91,20,0.162,0.81,,,
pct_sucrose0,DBA/2J,m,44.3,13.2,4.17,10,0.298,-1.55,,,
pct_sucrose0,SJL/J,m,53.1,14.6,4.87,9,0.275,0.92,,,
pct_sucrose0,SWR/J,m,54,6.44,2.04,10,0.119,1.17,,,
pct_sucrose3,129P3/J,m,66.6,17.7,5.59,10,0.266,-0.13,,,
pct_sucrose3,A/J,m,63.6,16.2,5.13,10,0.255,-0.52,,,
pct_sucrose3,AKR/J,m,65.4,20,6.31,10,0.305,-0.29,,,
pct_sucrose3,BALB/cJ,m,59,27.1,8.59,10,0.46,-1.1,,,
pct_sucrose3,C3H/HeJ,m,54,25.8,8.17,10,0.478,-1.74,,,
pct_sucrose3,C57BL/10J,m,72.4,18.1,5.72,10,0.25,0.6,,,
pct_sucrose3,C57BL/6J,m,71.3,16.6,5.25,10,0.233,0.46,,,
pct_sucrose3,CBA/J,m,65.2,21.8,6.89,10,0.334,-0.31,,,
pct_sucrose3,Crl:CD-1(ICR),m,74.8,17,3.8,20,0.227,0.91,,,
pct_sucrose3,DBA/2J,m,62.4,30.3,9.58,10,0.486,-0.67,,,
pct_sucrose3,SJL/J,m,82.9,9.2,3.07,9,0.111,1.94,,,
pct_sucrose3,SWR/J,m,74.3,10.7,3.39,10,0.144,0.84,,,
pct_sucrose6,129P3/J,m,79.3,15.8,4.99,10,0.199,-0.44,,,
pct_sucrose6,A/J,m,83,19,6,10,0.229,-0.01,,,
pct_sucrose6,AKR/J,m,82.6,18.4,5.83,10,0.223,-0.06,,,
pct_sucrose6,BALB/cJ,m,76,16.1,5.09,10,0.212,-0.83,,,
pct_sucrose6,C3H/HeJ,m,69.9,26.5,8.39,10,0.379,-1.53,,,
pct_sucrose6,C57BL/10J,m,91.2,3.79,1.2,10,0.0416,0.94,,,
pct_sucrose6,C57BL/6J,m,92,5.56,1.76,10,0.0604,1.03,,,
pct_sucrose6,CBA/J,m,78.5,20.8,6.59,10,0.265,-0.54,,,
pct_sucrose6,Crl:CD-1(ICR),m,88.2,5.37,1.2,20,0.061,0.59,,,
pct_sucrose6,DBA/2J,m,70,28.5,9.02,10,0.407,-1.52,,,
pct_sucrose6,SJL/J,m,92.2,3.77,1.26,9,0.0409,1.05,,,
pct_sucrose6,SWR/J,m,94.5,4.86,1.54,10,0.0514,1.32,,,
pct_sucrose9,129P3/J,m,86.3,6.31,1.99,10,0.0731,-0.11,,,
pct_sucrose9,A/J,m,90,4.32,1.37,10,0.048,0.52,,,
pct_sucrose9,AKR/J,m,82.2,6.46,2.04,10,0.0786,-0.81,,,
pct_sucrose9,BALB/cJ,m,88.6,8.72,2.76,10,0.0984,0.28,,,
pct_sucrose9,C3H/HeJ,m,86.8,12.9,4.07,10,0.148,-0.03,,,
pct_sucrose9,C57BL/10J,m,95.1,2.85,0.9,10,0.0299,1.39,,,
pct_sucrose9,C57BL/6J,m,88.1,14.6,4.61,10,0.165,0.19,,,
pct_sucrose9,CBA/J,m,73,28.7,9.58,9,0.394,-2.38,,,
pct_sucrose9,Crl:CD-1(ICR),m,85.7,8.59,1.92,20,0.1,-0.22,,,
pct_sucrose9,DBA/2J,m,83,16.5,5.22,10,0.199,-0.68,,,
pct_sucrose9,SJL/J,m,93.8,3.83,1.28,9,0.0409,1.17,,,
pct_sucrose9,SWR/J,m,91,4.92,1.56,10,0.0541,0.69,,,